alert,risk,riskcode,confidence,cwe,wasc,url,method,param,evidence,description,solution,reference
PII Disclosure,HIGH,3,High,359,13,https://localhost:8443/benchmark/weakrand-01/BenchmarkTest00489,POST,,5778556046699223746 ,"<p>The response contains Personally Identifiable Information, such as CC number, SSN and similar sensitive data.</p>","<p>Check the response for the potential presence of personally identifiable information (PII), ensure nothing sensitive is leaked by the application.</p>",
PII Disclosure,HIGH,3,High,359,13,https://localhost:8443/benchmark/weakrand-03/BenchmarkTest01448,POST,,4395359389929303 ,"<p>The response contains Personally Identifiable Information, such as CC number, SSN and similar sensitive data.</p>","<p>Check the response for the potential presence of personally identifiable information (PII), ensure nothing sensitive is leaked by the application.</p>",
PII Disclosure,HIGH,3,High,359,13,https://localhost:8443/benchmark/weakrand-03/BenchmarkTest01575,POST,,5500551491347072 ,"<p>The response contains Personally Identifiable Information, such as CC number, SSN and similar sensitive data.</p>","<p>Check the response for the potential presence of personally identifiable information (PII), ensure nothing sensitive is leaked by the application.</p>",
PII Disclosure,HIGH,3,High,359,13,https://localhost:8443/benchmark/weakrand-04/BenchmarkTest02004,POST,,5633682366134745812 ,"<p>The response contains Personally Identifiable Information, such as CC number, SSN and similar sensitive data.</p>","<p>Check the response for the potential presence of personally identifiable information (PII), ensure nothing sensitive is leaked by the application.</p>",
PII Disclosure,HIGH,3,High,359,13,https://localhost:8443/benchmark/weakrand-05/BenchmarkTest02255,POST,,4693919305879798 ,"<p>The response contains Personally Identifiable Information, such as CC number, SSN and similar sensitive data.</p>","<p>Check the response for the potential presence of personally identifiable information (PII), ensure nothing sensitive is leaked by the application.</p>",
Absence of Anti-CSRF Tokens,MEDIUM,2,Low,352,9,https://localhost:8443/benchmark/cmdi-00/BenchmarkTest00015.html?BenchmarkTest00015=SafeText,GET,,"<form action=""/benchmark/cmdi-00/BenchmarkTest00015"" method=""POST"" id=""FormBenchmarkTest00015"" autocomplete=""off"">",<p>No Anti-CSRF tokens were found in a HTML submission form.</p><p>A cross-site request forgery is an attack that involves forcing a victim to send an HTTP request to a target destination without their knowledge or intent in order to perform an action as the victim. The underlying cause is applicati,"<p>Phase: Architecture and Design</p><p>Use a vetted library or framework that does not allow this weakness to occur or provides constructs that make this weakness easier to avoid.</p><p>For example, use anti-CSRF packages such as the OWASP CSRFGuard.</p><p></p><p>Phase: Implementation</p><p>Ensure ",<p>https://cheatsheetseries.owasp.org/cheatsheets/Cross-Site_Request_Forgery_Prevention_Cheat_Sheet.html</p><p>https://cwe.mitre.org/data/definitions/
Absence of Anti-CSRF Tokens,MEDIUM,2,Low,352,9,https://localhost:8443/benchmark/ldapi-00/BenchmarkTest00012.html?BenchmarkTest00012=SafeText,GET,,"<form action=""/benchmark/ldapi-00/BenchmarkTest00012"" method=""POST"" id=""FormBenchmarkTest00012"" autocomplete=""off"">",<p>No Anti-CSRF tokens were found in a HTML submission form.</p><p>A cross-site request forgery is an attack that involves forcing a victim to send an HTTP request to a target destination without their knowledge or intent in order to perform an action as the victim. The underlying cause is applicati,"<p>Phase: Architecture and Design</p><p>Use a vetted library or framework that does not allow this weakness to occur or provides constructs that make this weakness easier to avoid.</p><p>For example, use anti-CSRF packages such as the OWASP CSRFGuard.</p><p></p><p>Phase: Implementation</p><p>Ensure ",<p>https://cheatsheetseries.owasp.org/cheatsheets/Cross-Site_Request_Forgery_Prevention_Cheat_Sheet.html</p><p>https://cwe.mitre.org/data/definitions/
Absence of Anti-CSRF Tokens,MEDIUM,2,Low,352,9,https://localhost:8443/benchmark/ldapi-00/BenchmarkTest00044.html?BenchmarkTest00044=SafeText,GET,,"<form action=""/benchmark/ldapi-00/BenchmarkTest00044"" method=""POST"" id=""FormBenchmarkTest00044"" autocomplete=""off"">",<p>No Anti-CSRF tokens were found in a HTML submission form.</p><p>A cross-site request forgery is an attack that involves forcing a victim to send an HTTP request to a target destination without their knowledge or intent in order to perform an action as the victim. The underlying cause is applicati,"<p>Phase: Architecture and Design</p><p>Use a vetted library or framework that does not allow this weakness to occur or provides constructs that make this weakness easier to avoid.</p><p>For example, use anti-CSRF packages such as the OWASP CSRFGuard.</p><p></p><p>Phase: Implementation</p><p>Ensure ",<p>https://cheatsheetseries.owasp.org/cheatsheets/Cross-Site_Request_Forgery_Prevention_Cheat_Sheet.html</p><p>https://cwe.mitre.org/data/definitions/
Absence of Anti-CSRF Tokens,MEDIUM,2,Low,352,9,https://localhost:8443/benchmark/securecookie-00/BenchmarkTest00016.html?BenchmarkTest00016=SafeText,GET,,"<form action=""/benchmark/securecookie-00/BenchmarkTest00016"" method=""POST"" id=""FormBenchmarkTest00016"" autocomplete=""off",<p>No Anti-CSRF tokens were found in a HTML submission form.</p><p>A cross-site request forgery is an attack that involves forcing a victim to send an HTTP request to a target destination without their knowledge or intent in order to perform an action as the victim. The underlying cause is applicati,"<p>Phase: Architecture and Design</p><p>Use a vetted library or framework that does not allow this weakness to occur or provides constructs that make this weakness easier to avoid.</p><p>For example, use anti-CSRF packages such as the OWASP CSRFGuard.</p><p></p><p>Phase: Implementation</p><p>Ensure ",<p>https://cheatsheetseries.owasp.org/cheatsheets/Cross-Site_Request_Forgery_Prevention_Cheat_Sheet.html</p><p>https://cwe.mitre.org/data/definitions/
Absence of Anti-CSRF Tokens,MEDIUM,2,Low,352,9,https://localhost:8443/benchmark/securecookie-00/BenchmarkTest00170.html?BenchmarkTest00170=SafeText,GET,,"<form action=""/benchmark/securecookie-00/BenchmarkTest00170"" method=""POST"" id=""FormBenchmarkTest00170"" autocomplete=""off",<p>No Anti-CSRF tokens were found in a HTML submission form.</p><p>A cross-site request forgery is an attack that involves forcing a victim to send an HTTP request to a target destination without their knowledge or intent in order to perform an action as the victim. The underlying cause is applicati,"<p>Phase: Architecture and Design</p><p>Use a vetted library or framework that does not allow this weakness to occur or provides constructs that make this weakness easier to avoid.</p><p>For example, use anti-CSRF packages such as the OWASP CSRFGuard.</p><p></p><p>Phase: Implementation</p><p>Ensure ",<p>https://cheatsheetseries.owasp.org/cheatsheets/Cross-Site_Request_Forgery_Prevention_Cheat_Sheet.html</p><p>https://cwe.mitre.org/data/definitions/
CSP: script-src unsafe-inline,MEDIUM,2,High,693,15,https://localhost:8443/benchmark/,GET,Content-Security-Policy,frame-ancestors 'self'; form-action 'self'; default-src 'unsafe-inline' 'unsafe-eval' 'self'; style-src 'unsafe-inline' ,"<p>Content Security Policy (CSP) is an added layer of security that helps to detect and mitigate certain types of attacks. Including (but not limited to) Cross Site Scripting (XSS), and data injection attacks. These attacks are used for everything from data theft to site defacement or distribution o","<p>Ensure that your web server, application server, load balancer, etc. is properly configured to set the Content-Security-Policy header.</p>",<p>https://www.w3.org/TR/CSP/</p><p>https://caniuse.com/#search=content+security+policy</p><p>https://content-security-policy.com/</p><p>https://githu
CSP: script-src unsafe-inline,MEDIUM,2,High,693,15,https://localhost:8443/benchmark/Index.html,GET,Content-Security-Policy,frame-ancestors 'self'; form-action 'self'; default-src 'unsafe-inline' 'unsafe-eval' 'self'; style-src 'unsafe-inline' ,"<p>Content Security Policy (CSP) is an added layer of security that helps to detect and mitigate certain types of attacks. Including (but not limited to) Cross Site Scripting (XSS), and data injection attacks. These attacks are used for everything from data theft to site defacement or distribution o","<p>Ensure that your web server, application server, load balancer, etc. is properly configured to set the Content-Security-Policy header.</p>",<p>https://www.w3.org/TR/CSP/</p><p>https://caniuse.com/#search=content+security+policy</p><p>https://content-security-policy.com/</p><p>https://githu
CSP: script-src unsafe-inline,MEDIUM,2,High,693,15,https://localhost:8443/benchmark/ldapi-00/BenchmarkTest00012.html?BenchmarkTest00012=SafeText,GET,Content-Security-Policy,frame-ancestors 'self'; form-action 'self'; default-src 'unsafe-inline' 'unsafe-eval' 'self'; style-src 'unsafe-inline' ,"<p>Content Security Policy (CSP) is an added layer of security that helps to detect and mitigate certain types of attacks. Including (but not limited to) Cross Site Scripting (XSS), and data injection attacks. These attacks are used for everything from data theft to site defacement or distribution o","<p>Ensure that your web server, application server, load balancer, etc. is properly configured to set the Content-Security-Policy header.</p>",<p>https://www.w3.org/TR/CSP/</p><p>https://caniuse.com/#search=content+security+policy</p><p>https://content-security-policy.com/</p><p>https://githu
CSP: script-src unsafe-inline,MEDIUM,2,High,693,15,https://localhost:8443/benchmark/ldapi-Index.html,GET,Content-Security-Policy,frame-ancestors 'self'; form-action 'self'; default-src 'unsafe-inline' 'unsafe-eval' 'self'; style-src 'unsafe-inline' ,"<p>Content Security Policy (CSP) is an added layer of security that helps to detect and mitigate certain types of attacks. Including (but not limited to) Cross Site Scripting (XSS), and data injection attacks. These attacks are used for everything from data theft to site defacement or distribution o","<p>Ensure that your web server, application server, load balancer, etc. is properly configured to set the Content-Security-Policy header.</p>",<p>https://www.w3.org/TR/CSP/</p><p>https://caniuse.com/#search=content+security+policy</p><p>https://content-security-policy.com/</p><p>https://githu
CSP: script-src unsafe-inline,MEDIUM,2,High,693,15,https://localhost:8443/benchmark/securecookie-Index.html,GET,Content-Security-Policy,frame-ancestors 'self'; form-action 'self'; default-src 'unsafe-inline' 'unsafe-eval' 'self'; style-src 'unsafe-inline' ,"<p>Content Security Policy (CSP) is an added layer of security that helps to detect and mitigate certain types of attacks. Including (but not limited to) Cross Site Scripting (XSS), and data injection attacks. These attacks are used for everything from data theft to site defacement or distribution o","<p>Ensure that your web server, application server, load balancer, etc. is properly configured to set the Content-Security-Policy header.</p>",<p>https://www.w3.org/TR/CSP/</p><p>https://caniuse.com/#search=content+security+policy</p><p>https://content-security-policy.com/</p><p>https://githu
Content Security Policy (CSP) Header Not Set,MEDIUM,2,High,693,15,https://localhost:8443/,GET,,,"<p>Content Security Policy (CSP) is an added layer of security that helps to detect and mitigate certain types of attacks, including Cross Site Scripting (XSS) and data injection attacks. These attacks are used for everything from data theft to site defacement or distribution of malware. CSP provide","<p>Ensure that your web server, application server, load balancer, etc. is configured to set the Content-Security-Policy header.</p>",<p>https://developer.mozilla.org/en-US/docs/Web/HTTP/Guides/CSP</p><p>https://cheatsheetseries.owasp.org/cheatsheets/Content_Security_Policy_Cheat_She
Content Security Policy (CSP) Header Not Set,MEDIUM,2,High,693,15,https://localhost:8443/robots.txt,GET,,,"<p>Content Security Policy (CSP) is an added layer of security that helps to detect and mitigate certain types of attacks, including Cross Site Scripting (XSS) and data injection attacks. These attacks are used for everything from data theft to site defacement or distribution of malware. CSP provide","<p>Ensure that your web server, application server, load balancer, etc. is configured to set the Content-Security-Policy header.</p>",<p>https://developer.mozilla.org/en-US/docs/Web/HTTP/Guides/CSP</p><p>https://cheatsheetseries.owasp.org/cheatsheets/Content_Security_Policy_Cheat_She
Sub Resource Integrity Attribute Missing,MEDIUM,2,High,345,15,https://localhost:8443/benchmark/,GET,,"<link href=""https://fonts.googleapis.com/css?family=Raleway:400,300,600"" rel=""stylesheet"" type=""text/css"">",<p>The integrity attribute is missing on a script or link tag served by an external server. The integrity tag prevents an attacker who have gained access to this server from injecting a malicious content.</p>,<p>Provide a valid integrity attribute to the tag.</p>,<p>https://developer.mozilla.org/en-US/docs/Web/Security/Subresource_Integrity</p>
Sub Resource Integrity Attribute Missing,MEDIUM,2,High,345,15,https://localhost:8443/benchmark/Index.html,GET,,"<link href=""https://fonts.googleapis.com/css?family=Raleway:400,300,600"" rel=""stylesheet"" type=""text/css"">",<p>The integrity attribute is missing on a script or link tag served by an external server. The integrity tag prevents an attacker who have gained access to this server from injecting a malicious content.</p>,<p>Provide a valid integrity attribute to the tag.</p>,<p>https://developer.mozilla.org/en-US/docs/Web/Security/Subresource_Integrity</p>
Sub Resource Integrity Attribute Missing,MEDIUM,2,High,345,15,https://localhost:8443/benchmark/ldapi-Index.html,GET,,"<link href=""https://fonts.googleapis.com/css?family=Raleway:400,300,600"" rel=""stylesheet"" type=""text/css"">",<p>The integrity attribute is missing on a script or link tag served by an external server. The integrity tag prevents an attacker who have gained access to this server from injecting a malicious content.</p>,<p>Provide a valid integrity attribute to the tag.</p>,<p>https://developer.mozilla.org/en-US/docs/Web/Security/Subresource_Integrity</p>
Sub Resource Integrity Attribute Missing,MEDIUM,2,High,345,15,https://localhost:8443/benchmark/securecookie-Index.html,GET,,"<link href=""https://fonts.googleapis.com/css?family=Raleway:400,300,600"" rel=""stylesheet"" type=""text/css"">",<p>The integrity attribute is missing on a script or link tag served by an external server. The integrity tag prevents an attacker who have gained access to this server from injecting a malicious content.</p>,<p>Provide a valid integrity attribute to the tag.</p>,<p>https://developer.mozilla.org/en-US/docs/Web/Security/Subresource_Integrity</p>
Sub Resource Integrity Attribute Missing,MEDIUM,2,High,345,15,https://localhost:8443/benchmark/xpathi-Index.html,GET,,"<link href=""https://fonts.googleapis.com/css?family=Raleway:400,300,600"" rel=""stylesheet"" type=""text/css"">",<p>The integrity attribute is missing on a script or link tag served by an external server. The integrity tag prevents an attacker who have gained access to this server from injecting a malicious content.</p>,<p>Provide a valid integrity attribute to the tag.</p>,<p>https://developer.mozilla.org/en-US/docs/Web/Security/Subresource_Integrity</p>
Application Error Disclosure,LOW,1,Medium,550,13,https://localhost:8443/benchmark/,GET,,HTTP/1.1 500,<p>This page contains an error/warning message that may disclose sensitive information like the location of the file that produced the unhandled exception. This information can be used to launch further attacks against the web application. The alert could be a false positive if the error message is ,<p>Review the source code of this page. Implement custom error pages. Consider implementing a mechanism to provide a unique error reference/identifier to the client (browser) while logging the details on the server side and not exposing them to the user.</p>,
Application Error Disclosure,LOW,1,Medium,550,13,https://localhost:8443/benchmark/Index.html,GET,,HTTP/1.1 500,<p>This page contains an error/warning message that may disclose sensitive information like the location of the file that produced the unhandled exception. This information can be used to launch further attacks against the web application. The alert could be a false positive if the error message is ,<p>Review the source code of this page. Implement custom error pages. Consider implementing a mechanism to provide a unique error reference/identifier to the client (browser) while logging the details on the server side and not exposing them to the user.</p>,
Application Error Disclosure,LOW,1,Medium,550,13,https://localhost:8443/benchmark/cmdi-00/BenchmarkTest00007.html?BenchmarkTest00007=SafeText,GET,,HTTP/1.1 500,<p>This page contains an error/warning message that may disclose sensitive information like the location of the file that produced the unhandled exception. This information can be used to launch further attacks against the web application. The alert could be a false positive if the error message is ,<p>Review the source code of this page. Implement custom error pages. Consider implementing a mechanism to provide a unique error reference/identifier to the client (browser) while logging the details on the server side and not exposing them to the user.</p>,
Application Error Disclosure,LOW,1,Medium,550,13,https://localhost:8443/benchmark/cmdi-00/BenchmarkTest00015.html?BenchmarkTest00015=SafeText,GET,,HTTP/1.1 500,<p>This page contains an error/warning message that may disclose sensitive information like the location of the file that produced the unhandled exception. This information can be used to launch further attacks against the web application. The alert could be a false positive if the error message is ,<p>Review the source code of this page. Implement custom error pages. Consider implementing a mechanism to provide a unique error reference/identifier to the client (browser) while logging the details on the server side and not exposing them to the user.</p>,
Application Error Disclosure,LOW,1,Medium,550,13,https://localhost:8443/benchmark/css/normalize.css,GET,,HTTP/1.1 500,<p>This page contains an error/warning message that may disclose sensitive information like the location of the file that produced the unhandled exception. This information can be used to launch further attacks against the web application. The alert could be a false positive if the error message is ,<p>Review the source code of this page. Implement custom error pages. Consider implementing a mechanism to provide a unique error reference/identifier to the client (browser) while logging the details on the server side and not exposing them to the user.</p>,
Application Error Disclosure,LOW,1,Medium,550,13,https://localhost:8443/benchmark/ldapi-00/BenchmarkTest00012.html?BenchmarkTest00012=SafeText,GET,,HTTP/1.1 500,<p>This page contains an error/warning message that may disclose sensitive information like the location of the file that produced the unhandled exception. This information can be used to launch further attacks against the web application. The alert could be a false positive if the error message is ,<p>Review the source code of this page. Implement custom error pages. Consider implementing a mechanism to provide a unique error reference/identifier to the client (browser) while logging the details on the server side and not exposing them to the user.</p>,
Application Error Disclosure,LOW,1,Medium,550,13,https://localhost:8443/benchmark/ldapi-00/BenchmarkTest00044.html?BenchmarkTest00044=SafeText,GET,,HTTP/1.1 500,<p>This page contains an error/warning message that may disclose sensitive information like the location of the file that produced the unhandled exception. This information can be used to launch further attacks against the web application. The alert could be a false positive if the error message is ,<p>Review the source code of this page. Implement custom error pages. Consider implementing a mechanism to provide a unique error reference/identifier to the client (browser) while logging the details on the server side and not exposing them to the user.</p>,
Application Error Disclosure,LOW,1,Medium,550,13,https://localhost:8443/benchmark/securecookie-00/BenchmarkTest00016.html?BenchmarkTest00016=SafeText,GET,,HTTP/1.1 500,<p>This page contains an error/warning message that may disclose sensitive information like the location of the file that produced the unhandled exception. This information can be used to launch further attacks against the web application. The alert could be a false positive if the error message is ,<p>Review the source code of this page. Implement custom error pages. Consider implementing a mechanism to provide a unique error reference/identifier to the client (browser) while logging the details on the server side and not exposing them to the user.</p>,
Application Error Disclosure,LOW,1,Medium,550,13,https://localhost:8443/benchmark/securecookie-00/BenchmarkTest00169.html?BenchmarkTest00169=SafeText,GET,,HTTP/1.1 500,<p>This page contains an error/warning message that may disclose sensitive information like the location of the file that produced the unhandled exception. This information can be used to launch further attacks against the web application. The alert could be a false positive if the error message is ,<p>Review the source code of this page. Implement custom error pages. Consider implementing a mechanism to provide a unique error reference/identifier to the client (browser) while logging the details on the server side and not exposing them to the user.</p>,
Application Error Disclosure,LOW,1,Medium,550,13,https://localhost:8443/benchmark/securecookie-00/BenchmarkTest00170.html?BenchmarkTest00170=SafeText,GET,,HTTP/1.1 500,<p>This page contains an error/warning message that may disclose sensitive information like the location of the file that produced the unhandled exception. This information can be used to launch further attacks against the web application. The alert could be a false positive if the error message is ,<p>Review the source code of this page. Implement custom error pages. Consider implementing a mechanism to provide a unique error reference/identifier to the client (browser) while logging the details on the server side and not exposing them to the user.</p>,
Application Error Disclosure,LOW,1,Medium,550,13,https://localhost:8443/benchmark/xpathi-Index.html,GET,,HTTP/1.1 500,<p>This page contains an error/warning message that may disclose sensitive information like the location of the file that produced the unhandled exception. This information can be used to launch further attacks against the web application. The alert could be a false positive if the error message is ,<p>Review the source code of this page. Implement custom error pages. Consider implementing a mechanism to provide a unique error reference/identifier to the client (browser) while logging the details on the server side and not exposing them to the user.</p>,
Cookie Without Secure Flag,LOW,1,Medium,614,13,https://localhost:8443/benchmark/securecookie-00/BenchmarkTest00087,POST,SomeCookie,Set-Cookie: SomeCookie,"<p>A cookie has been set without the secure flag, which means that the cookie can be accessed via unencrypted connections.</p>","<p>Whenever a cookie contains sensitive information or is a session token, then it should always be passed using an encrypted channel. Ensure that the secure flag is set for cookies containing such sensitive information.</p>",<p>https://owasp.org/www-project-web-security-testing-guide/v41/4-Web_Application_Security_Testing/06-Session_Management_Testing/02-Testing_for_Cookie
Cookie Without Secure Flag,LOW,1,Medium,614,13,https://localhost:8443/benchmark/securecookie-00/BenchmarkTest00348,POST,SomeCookie,Set-Cookie: SomeCookie,"<p>A cookie has been set without the secure flag, which means that the cookie can be accessed via unencrypted connections.</p>","<p>Whenever a cookie contains sensitive information or is a session token, then it should always be passed using an encrypted channel. Ensure that the secure flag is set for cookies containing such sensitive information.</p>",<p>https://owasp.org/www-project-web-security-testing-guide/v41/4-Web_Application_Security_Testing/06-Session_Management_Testing/02-Testing_for_Cookie
Cookie Without Secure Flag,LOW,1,Medium,614,13,https://localhost:8443/benchmark/securecookie-00/BenchmarkTest00403,POST,SomeCookie,Set-Cookie: SomeCookie,"<p>A cookie has been set without the secure flag, which means that the cookie can be accessed via unencrypted connections.</p>","<p>Whenever a cookie contains sensitive information or is a session token, then it should always be passed using an encrypted channel. Ensure that the secure flag is set for cookies containing such sensitive information.</p>",<p>https://owasp.org/www-project-web-security-testing-guide/v41/4-Web_Application_Security_Testing/06-Session_Management_Testing/02-Testing_for_Cookie
Cookie Without Secure Flag,LOW,1,Medium,614,13,https://localhost:8443/benchmark/securecookie-00/BenchmarkTest00491,POST,SomeCookie,Set-Cookie: SomeCookie,"<p>A cookie has been set without the secure flag, which means that the cookie can be accessed via unencrypted connections.</p>","<p>Whenever a cookie contains sensitive information or is a session token, then it should always be passed using an encrypted channel. Ensure that the secure flag is set for cookies containing such sensitive information.</p>",<p>https://owasp.org/www-project-web-security-testing-guide/v41/4-Web_Application_Security_Testing/06-Session_Management_Testing/02-Testing_for_Cookie
Cookie Without Secure Flag,LOW,1,Medium,614,13,https://localhost:8443/benchmark/securecookie-00/BenchmarkTest00736,POST,SomeCookie,Set-Cookie: SomeCookie,"<p>A cookie has been set without the secure flag, which means that the cookie can be accessed via unencrypted connections.</p>","<p>Whenever a cookie contains sensitive information or is a session token, then it should always be passed using an encrypted channel. Ensure that the secure flag is set for cookies containing such sensitive information.</p>",<p>https://owasp.org/www-project-web-security-testing-guide/v41/4-Web_Application_Security_Testing/06-Session_Management_Testing/02-Testing_for_Cookie
Cross-Origin-Embedder-Policy Header Missing or Invalid,LOW,1,Medium,693,14,https://localhost:8443/benchmark/cmdi-Index.html,GET,Cross-Origin-Embedder-Policy,,<p>Cross-Origin-Embedder-Policy header is a response header that prevents a document from loading any cross-origin resources that don't explicitly grant the document permission (using CORP or CORS).</p>,"<p>Ensure that the application/web server sets the Cross-Origin-Embedder-Policy header appropriately, and that it sets the Cross-Origin-Embedder-Policy header to 'require-corp' for documents.</p><p>If possible, ensure that the end user uses a standards-compliant and modern web browser that supports ",<p>https://developer.mozilla.org/en-US/docs/Web/HTTP/Reference/Headers/Cross-Origin-Embedder-Policy</p>
Cross-Origin-Embedder-Policy Header Missing or Invalid,LOW,1,Medium,693,14,https://localhost:8443/benchmark/crypto-Index.html,GET,Cross-Origin-Embedder-Policy,,<p>Cross-Origin-Embedder-Policy header is a response header that prevents a document from loading any cross-origin resources that don't explicitly grant the document permission (using CORP or CORS).</p>,"<p>Ensure that the application/web server sets the Cross-Origin-Embedder-Policy header appropriately, and that it sets the Cross-Origin-Embedder-Policy header to 'require-corp' for documents.</p><p>If possible, ensure that the end user uses a standards-compliant and modern web browser that supports ",<p>https://developer.mozilla.org/en-US/docs/Web/HTTP/Reference/Headers/Cross-Origin-Embedder-Policy</p>
Cross-Origin-Embedder-Policy Header Missing or Invalid,LOW,1,Medium,693,14,https://localhost:8443/benchmark/hash-Index.html,GET,Cross-Origin-Embedder-Policy,,<p>Cross-Origin-Embedder-Policy header is a response header that prevents a document from loading any cross-origin resources that don't explicitly grant the document permission (using CORP or CORS).</p>,"<p>Ensure that the application/web server sets the Cross-Origin-Embedder-Policy header appropriately, and that it sets the Cross-Origin-Embedder-Policy header to 'require-corp' for documents.</p><p>If possible, ensure that the end user uses a standards-compliant and modern web browser that supports ",<p>https://developer.mozilla.org/en-US/docs/Web/HTTP/Reference/Headers/Cross-Origin-Embedder-Policy</p>
Cross-Origin-Embedder-Policy Header Missing or Invalid,LOW,1,Medium,693,14,https://localhost:8443/benchmark/pathtraver-Index.html,GET,Cross-Origin-Embedder-Policy,,<p>Cross-Origin-Embedder-Policy header is a response header that prevents a document from loading any cross-origin resources that don't explicitly grant the document permission (using CORP or CORS).</p>,"<p>Ensure that the application/web server sets the Cross-Origin-Embedder-Policy header appropriately, and that it sets the Cross-Origin-Embedder-Policy header to 'require-corp' for documents.</p><p>If possible, ensure that the end user uses a standards-compliant and modern web browser that supports ",<p>https://developer.mozilla.org/en-US/docs/Web/HTTP/Reference/Headers/Cross-Origin-Embedder-Policy</p>
Cross-Origin-Embedder-Policy Header Missing or Invalid,LOW,1,Medium,693,14,https://localhost:8443/benchmark/trustbound-Index.html,GET,Cross-Origin-Embedder-Policy,,<p>Cross-Origin-Embedder-Policy header is a response header that prevents a document from loading any cross-origin resources that don't explicitly grant the document permission (using CORP or CORS).</p>,"<p>Ensure that the application/web server sets the Cross-Origin-Embedder-Policy header appropriately, and that it sets the Cross-Origin-Embedder-Policy header to 'require-corp' for documents.</p><p>If possible, ensure that the end user uses a standards-compliant and modern web browser that supports ",<p>https://developer.mozilla.org/en-US/docs/Web/HTTP/Reference/Headers/Cross-Origin-Embedder-Policy</p>
Cross-Origin-Opener-Policy Header Missing or Invalid,LOW,1,Medium,693,14,https://localhost:8443/benchmark/cmdi-Index.html,GET,Cross-Origin-Opener-Policy,,<p>Cross-Origin-Opener-Policy header is a response header that allows a site to control if others included documents share the same browsing context. Sharing the same browsing context with untrusted documents might lead to data leak.</p>,"<p>Ensure that the application/web server sets the Cross-Origin-Opener-Policy header appropriately, and that it sets the Cross-Origin-Opener-Policy header to 'same-origin' for documents.</p><p>'same-origin-allow-popups' is considered as less secured and should be avoided.</p><p>If possible, ensure t",<p>https://developer.mozilla.org/en-US/docs/Web/HTTP/Reference/Headers/Cross-Origin-Opener-Policy</p>
Cross-Origin-Opener-Policy Header Missing or Invalid,LOW,1,Medium,693,14,https://localhost:8443/benchmark/crypto-Index.html,GET,Cross-Origin-Opener-Policy,,<p>Cross-Origin-Opener-Policy header is a response header that allows a site to control if others included documents share the same browsing context. Sharing the same browsing context with untrusted documents might lead to data leak.</p>,"<p>Ensure that the application/web server sets the Cross-Origin-Opener-Policy header appropriately, and that it sets the Cross-Origin-Opener-Policy header to 'same-origin' for documents.</p><p>'same-origin-allow-popups' is considered as less secured and should be avoided.</p><p>If possible, ensure t",<p>https://developer.mozilla.org/en-US/docs/Web/HTTP/Reference/Headers/Cross-Origin-Opener-Policy</p>
Cross-Origin-Opener-Policy Header Missing or Invalid,LOW,1,Medium,693,14,https://localhost:8443/benchmark/hash-Index.html,GET,Cross-Origin-Opener-Policy,,<p>Cross-Origin-Opener-Policy header is a response header that allows a site to control if others included documents share the same browsing context. Sharing the same browsing context with untrusted documents might lead to data leak.</p>,"<p>Ensure that the application/web server sets the Cross-Origin-Opener-Policy header appropriately, and that it sets the Cross-Origin-Opener-Policy header to 'same-origin' for documents.</p><p>'same-origin-allow-popups' is considered as less secured and should be avoided.</p><p>If possible, ensure t",<p>https://developer.mozilla.org/en-US/docs/Web/HTTP/Reference/Headers/Cross-Origin-Opener-Policy</p>
Cross-Origin-Opener-Policy Header Missing or Invalid,LOW,1,Medium,693,14,https://localhost:8443/benchmark/pathtraver-Index.html,GET,Cross-Origin-Opener-Policy,,<p>Cross-Origin-Opener-Policy header is a response header that allows a site to control if others included documents share the same browsing context. Sharing the same browsing context with untrusted documents might lead to data leak.</p>,"<p>Ensure that the application/web server sets the Cross-Origin-Opener-Policy header appropriately, and that it sets the Cross-Origin-Opener-Policy header to 'same-origin' for documents.</p><p>'same-origin-allow-popups' is considered as less secured and should be avoided.</p><p>If possible, ensure t",<p>https://developer.mozilla.org/en-US/docs/Web/HTTP/Reference/Headers/Cross-Origin-Opener-Policy</p>
Cross-Origin-Opener-Policy Header Missing or Invalid,LOW,1,Medium,693,14,https://localhost:8443/benchmark/trustbound-Index.html,GET,Cross-Origin-Opener-Policy,,<p>Cross-Origin-Opener-Policy header is a response header that allows a site to control if others included documents share the same browsing context. Sharing the same browsing context with untrusted documents might lead to data leak.</p>,"<p>Ensure that the application/web server sets the Cross-Origin-Opener-Policy header appropriately, and that it sets the Cross-Origin-Opener-Policy header to 'same-origin' for documents.</p><p>'same-origin-allow-popups' is considered as less secured and should be avoided.</p><p>If possible, ensure t",<p>https://developer.mozilla.org/en-US/docs/Web/HTTP/Reference/Headers/Cross-Origin-Opener-Policy</p>
Cross-Origin-Resource-Policy Header Missing or Invalid,LOW,1,Medium,693,14,https://localhost:8443/benchmark/cmdi-Index.html,GET,Cross-Origin-Resource-Policy,,<p>Cross-Origin-Resource-Policy header is an opt-in header designed to counter side-channels attacks like Spectre. Resource should be specifically set as shareable amongst different origins.</p>,"<p>Ensure that the application/web server sets the Cross-Origin-Resource-Policy header appropriately, and that it sets the Cross-Origin-Resource-Policy header to 'same-origin' for all web pages.</p><p>'same-site' is considered as less secured and should be avoided.</p><p>If resources must be shared,",<p>https://developer.mozilla.org/en-US/docs/Web/HTTP/Reference/Headers/Cross-Origin-Embedder-Policy</p>
Cross-Origin-Resource-Policy Header Missing or Invalid,LOW,1,Medium,693,14,https://localhost:8443/benchmark/crypto-Index.html,GET,Cross-Origin-Resource-Policy,,<p>Cross-Origin-Resource-Policy header is an opt-in header designed to counter side-channels attacks like Spectre. Resource should be specifically set as shareable amongst different origins.</p>,"<p>Ensure that the application/web server sets the Cross-Origin-Resource-Policy header appropriately, and that it sets the Cross-Origin-Resource-Policy header to 'same-origin' for all web pages.</p><p>'same-site' is considered as less secured and should be avoided.</p><p>If resources must be shared,",<p>https://developer.mozilla.org/en-US/docs/Web/HTTP/Reference/Headers/Cross-Origin-Embedder-Policy</p>
Cross-Origin-Resource-Policy Header Missing or Invalid,LOW,1,Medium,693,14,https://localhost:8443/benchmark/hash-Index.html,GET,Cross-Origin-Resource-Policy,,<p>Cross-Origin-Resource-Policy header is an opt-in header designed to counter side-channels attacks like Spectre. Resource should be specifically set as shareable amongst different origins.</p>,"<p>Ensure that the application/web server sets the Cross-Origin-Resource-Policy header appropriately, and that it sets the Cross-Origin-Resource-Policy header to 'same-origin' for all web pages.</p><p>'same-site' is considered as less secured and should be avoided.</p><p>If resources must be shared,",<p>https://developer.mozilla.org/en-US/docs/Web/HTTP/Reference/Headers/Cross-Origin-Embedder-Policy</p>
Cross-Origin-Resource-Policy Header Missing or Invalid,LOW,1,Medium,693,14,https://localhost:8443/benchmark/pathtraver-Index.html,GET,Cross-Origin-Resource-Policy,,<p>Cross-Origin-Resource-Policy header is an opt-in header designed to counter side-channels attacks like Spectre. Resource should be specifically set as shareable amongst different origins.</p>,"<p>Ensure that the application/web server sets the Cross-Origin-Resource-Policy header appropriately, and that it sets the Cross-Origin-Resource-Policy header to 'same-origin' for all web pages.</p><p>'same-site' is considered as less secured and should be avoided.</p><p>If resources must be shared,",<p>https://developer.mozilla.org/en-US/docs/Web/HTTP/Reference/Headers/Cross-Origin-Embedder-Policy</p>
Cross-Origin-Resource-Policy Header Missing or Invalid,LOW,1,Medium,693,14,https://localhost:8443/benchmark/trustbound-Index.html,GET,Cross-Origin-Resource-Policy,,<p>Cross-Origin-Resource-Policy header is an opt-in header designed to counter side-channels attacks like Spectre. Resource should be specifically set as shareable amongst different origins.</p>,"<p>Ensure that the application/web server sets the Cross-Origin-Resource-Policy header appropriately, and that it sets the Cross-Origin-Resource-Policy header to 'same-origin' for all web pages.</p><p>'same-site' is considered as less secured and should be avoided.</p><p>If resources must be shared,",<p>https://developer.mozilla.org/en-US/docs/Web/HTTP/Reference/Headers/Cross-Origin-Embedder-Policy</p>
In Page Banner Information Leak,LOW,1,High,497,13,https://localhost:8443/,GET,,Tomcat/9.0.11,<p>The server returned a version banner string in the response content. Such information leaks may allow attackers to further target specific issues impacting the product and version in use.</p>,"<p>Configure the server to prevent such information leaks. For example:</p><p>Under Tomcat this is done via the ""server"" directive and implementation of custom error pages.</p><p>Under Apache this is done via the ""ServerSignature"" and ""ServerTokens"" directives.</p>",<p>https://owasp.org/www-project-web-security-testing-guide/v41/4-Web_Application_Security_Testing/08-Testing_for_Error_Handling/</p>
In Page Banner Information Leak,LOW,1,High,497,13,https://localhost:8443/robots.txt,GET,,Tomcat/9.0.11,<p>The server returned a version banner string in the response content. Such information leaks may allow attackers to further target specific issues impacting the product and version in use.</p>,"<p>Configure the server to prevent such information leaks. For example:</p><p>Under Tomcat this is done via the ""server"" directive and implementation of custom error pages.</p><p>Under Apache this is done via the ""ServerSignature"" and ""ServerTokens"" directives.</p>",<p>https://owasp.org/www-project-web-security-testing-guide/v41/4-Web_Application_Security_Testing/08-Testing_for_Error_Handling/</p>
In Page Banner Information Leak,LOW,1,High,497,13,https://localhost:8443/sitemap.xml,GET,,Tomcat/9.0.11,<p>The server returned a version banner string in the response content. Such information leaks may allow attackers to further target specific issues impacting the product and version in use.</p>,"<p>Configure the server to prevent such information leaks. For example:</p><p>Under Tomcat this is done via the ""server"" directive and implementation of custom error pages.</p><p>Under Apache this is done via the ""ServerSignature"" and ""ServerTokens"" directives.</p>",<p>https://owasp.org/www-project-web-security-testing-guide/v41/4-Web_Application_Security_Testing/08-Testing_for_Error_Handling/</p>
In Page Banner Information Leak,LOW,1,High,497,13,https://localhost:8443/benchmark/ldapi-00/BenchmarkTest00044,POST,,Tomcat/9.0.11,<p>The server returned a version banner string in the response content. Such information leaks may allow attackers to further target specific issues impacting the product and version in use.</p>,"<p>Configure the server to prevent such information leaks. For example:</p><p>Under Tomcat this is done via the ""server"" directive and implementation of custom error pages.</p><p>Under Apache this is done via the ""ServerSignature"" and ""ServerTokens"" directives.</p>",<p>https://owasp.org/www-project-web-security-testing-guide/v41/4-Web_Application_Security_Testing/08-Testing_for_Error_Handling/</p>
In Page Banner Information Leak,LOW,1,High,497,13,https://localhost:8443/benchmark/securecookie-00/BenchmarkTest00169,POST,,Tomcat/9.0.11,<p>The server returned a version banner string in the response content. Such information leaks may allow attackers to further target specific issues impacting the product and version in use.</p>,"<p>Configure the server to prevent such information leaks. For example:</p><p>Under Tomcat this is done via the ""server"" directive and implementation of custom error pages.</p><p>Under Apache this is done via the ""ServerSignature"" and ""ServerTokens"" directives.</p>",<p>https://owasp.org/www-project-web-security-testing-guide/v41/4-Web_Application_Security_Testing/08-Testing_for_Error_Handling/</p>
Information Disclosure - Debug Error Messages,LOW,1,Medium,1295,13,https://localhost:8443/benchmark/ldapi-00/BenchmarkTest00021?BenchmarkTest00021=Ms+Bar&password=ZAP&username=ZAP,GET,,Internal Server Error,"<p>The response appeared to contain common error messages returned by platforms such as ASP.NET, and Web-servers such as IIS and Apache. You can configure the list of common debug messages.</p>",<p>Disable debugging messages before pushing to production.</p>,
Information Disclosure - Debug Error Messages,LOW,1,Medium,1295,13,https://localhost:8443/benchmark/ldapi-00/BenchmarkTest00367?BenchmarkTest00367=Ms+Bar&password=ZAP&username=ZAP,GET,,Internal Server Error,"<p>The response appeared to contain common error messages returned by platforms such as ASP.NET, and Web-servers such as IIS and Apache. You can configure the list of common debug messages.</p>",<p>Disable debugging messages before pushing to production.</p>,
Information Disclosure - Debug Error Messages,LOW,1,Medium,1295,13,https://localhost:8443/benchmark/cmdi-00/BenchmarkTest00017,POST,,Internal Server Error,"<p>The response appeared to contain common error messages returned by platforms such as ASP.NET, and Web-servers such as IIS and Apache. You can configure the list of common debug messages.</p>",<p>Disable debugging messages before pushing to production.</p>,
Information Disclosure - Debug Error Messages,LOW,1,Medium,1295,13,https://localhost:8443/benchmark/ldapi-00/BenchmarkTest00012,POST,,Internal Server Error,"<p>The response appeared to contain common error messages returned by platforms such as ASP.NET, and Web-servers such as IIS and Apache. You can configure the list of common debug messages.</p>",<p>Disable debugging messages before pushing to production.</p>,
Information Disclosure - Debug Error Messages,LOW,1,Medium,1295,13,https://localhost:8443/benchmark/ldapi-00/BenchmarkTest00044,POST,,Internal Server Error,"<p>The response appeared to contain common error messages returned by platforms such as ASP.NET, and Web-servers such as IIS and Apache. You can configure the list of common debug messages.</p>",<p>Disable debugging messages before pushing to production.</p>,
Information Disclosure - Debug Error Messages,LOW,1,Medium,1295,13,https://localhost:8443/benchmark/ldapi-00/BenchmarkTest00138,POST,,Internal Server Error,"<p>The response appeared to contain common error messages returned by platforms such as ASP.NET, and Web-servers such as IIS and Apache. You can configure the list of common debug messages.</p>",<p>Disable debugging messages before pushing to production.</p>,
Information Disclosure - Debug Error Messages,LOW,1,Medium,1295,13,https://localhost:8443/benchmark/ldapi-00/BenchmarkTest00139,POST,,Internal Server Error,"<p>The response appeared to contain common error messages returned by platforms such as ASP.NET, and Web-servers such as IIS and Apache. You can configure the list of common debug messages.</p>",<p>Disable debugging messages before pushing to production.</p>,
Information Disclosure - Debug Error Messages,LOW,1,Medium,1295,13,https://localhost:8443/benchmark/ldapi-00/BenchmarkTest00530,POST,,Internal Server Error,"<p>The response appeared to contain common error messages returned by platforms such as ASP.NET, and Web-servers such as IIS and Apache. You can configure the list of common debug messages.</p>",<p>Disable debugging messages before pushing to production.</p>,
Information Disclosure - Debug Error Messages,LOW,1,Medium,1295,13,https://localhost:8443/benchmark/securecookie-00/BenchmarkTest00016,POST,,Internal Server Error,"<p>The response appeared to contain common error messages returned by platforms such as ASP.NET, and Web-servers such as IIS and Apache. You can configure the list of common debug messages.</p>",<p>Disable debugging messages before pushing to production.</p>,
Information Disclosure - Debug Error Messages,LOW,1,Medium,1295,13,https://localhost:8443/benchmark/securecookie-00/BenchmarkTest00169,POST,,Internal Server Error,"<p>The response appeared to contain common error messages returned by platforms such as ASP.NET, and Web-servers such as IIS and Apache. You can configure the list of common debug messages.</p>",<p>Disable debugging messages before pushing to production.</p>,
Information Disclosure - Debug Error Messages,LOW,1,Medium,1295,13,https://localhost:8443/benchmark/securecookie-00/BenchmarkTest00170,POST,,Internal Server Error,"<p>The response appeared to contain common error messages returned by platforms such as ASP.NET, and Web-servers such as IIS and Apache. You can configure the list of common debug messages.</p>",<p>Disable debugging messages before pushing to production.</p>,
Information Disclosure - Debug Error Messages,LOW,1,Medium,1295,13,https://localhost:8443/benchmark/securecookie-00/BenchmarkTest00241,POST,,Internal Server Error,"<p>The response appeared to contain common error messages returned by platforms such as ASP.NET, and Web-servers such as IIS and Apache. You can configure the list of common debug messages.</p>",<p>Disable debugging messages before pushing to production.</p>,
Permissions Policy Header Not Set,LOW,1,Medium,693,15,https://localhost:8443/benchmark/cmdi-Index.html,GET,,,<p>Permissions Policy Header is an added layer of security that helps to restrict from unauthorized access or usage of browser/client features by web resources. This policy ensures the user privacy by limiting or specifying the features of the browsers can be used by the web resources. Permissions P,"<p>Ensure that your web server, application server, load balancer, etc. is configured to set the Permissions-Policy header.</p>",<p>https://developer.mozilla.org/en-US/docs/Web/HTTP/Reference/Headers/Permissions-Policy</p><p>https://developer.chrome.com/blog/feature-policy/</p><
Permissions Policy Header Not Set,LOW,1,Medium,693,15,https://localhost:8443/benchmark/crypto-Index.html,GET,,,<p>Permissions Policy Header is an added layer of security that helps to restrict from unauthorized access or usage of browser/client features by web resources. This policy ensures the user privacy by limiting or specifying the features of the browsers can be used by the web resources. Permissions P,"<p>Ensure that your web server, application server, load balancer, etc. is configured to set the Permissions-Policy header.</p>",<p>https://developer.mozilla.org/en-US/docs/Web/HTTP/Reference/Headers/Permissions-Policy</p><p>https://developer.chrome.com/blog/feature-policy/</p><
Permissions Policy Header Not Set,LOW,1,Medium,693,15,https://localhost:8443/benchmark/ldapi-00/BenchmarkTest00044.html?BenchmarkTest00044=SafeText,GET,,,<p>Permissions Policy Header is an added layer of security that helps to restrict from unauthorized access or usage of browser/client features by web resources. This policy ensures the user privacy by limiting or specifying the features of the browsers can be used by the web resources. Permissions P,"<p>Ensure that your web server, application server, load balancer, etc. is configured to set the Permissions-Policy header.</p>",<p>https://developer.mozilla.org/en-US/docs/Web/HTTP/Reference/Headers/Permissions-Policy</p><p>https://developer.chrome.com/blog/feature-policy/</p><
Permissions Policy Header Not Set,LOW,1,Medium,693,15,https://localhost:8443/benchmark/securecookie-00/BenchmarkTest00170.html?BenchmarkTest00170=SafeText,GET,,,<p>Permissions Policy Header is an added layer of security that helps to restrict from unauthorized access or usage of browser/client features by web resources. This policy ensures the user privacy by limiting or specifying the features of the browsers can be used by the web resources. Permissions P,"<p>Ensure that your web server, application server, load balancer, etc. is configured to set the Permissions-Policy header.</p>",<p>https://developer.mozilla.org/en-US/docs/Web/HTTP/Reference/Headers/Permissions-Policy</p><p>https://developer.chrome.com/blog/feature-policy/</p><
Permissions Policy Header Not Set,LOW,1,Medium,693,15,https://localhost:8443/benchmark/trustbound-Index.html,GET,,,<p>Permissions Policy Header is an added layer of security that helps to restrict from unauthorized access or usage of browser/client features by web resources. This policy ensures the user privacy by limiting or specifying the features of the browsers can be used by the web resources. Permissions P,"<p>Ensure that your web server, application server, load balancer, etc. is configured to set the Permissions-Policy header.</p>",<p>https://developer.mozilla.org/en-US/docs/Web/HTTP/Reference/Headers/Permissions-Policy</p><p>https://developer.chrome.com/blog/feature-policy/</p><
Strict-Transport-Security Header Not Set,LOW,1,High,319,15,https://localhost:8443/,GET,,,<p>HTTP Strict Transport Security (HSTS) is a web security policy mechanism whereby a web server declares that complying user agents (such as a web browser) are to interact with it using only secure HTTPS connections (i.e. HTTP layered over TLS/SSL). HSTS is an IETF standards track protocol and is s,"<p>Ensure that your web server, application server, load balancer, etc. is configured to enforce Strict-Transport-Security.</p>",<p>https://cheatsheetseries.owasp.org/cheatsheets/HTTP_Strict_Transport_Security_Cheat_Sheet.html</p><p>https://owasp.org/www-community/Security_Heade
Strict-Transport-Security Header Not Set,LOW,1,High,319,15,https://localhost:8443/robots.txt,GET,,,<p>HTTP Strict Transport Security (HSTS) is a web security policy mechanism whereby a web server declares that complying user agents (such as a web browser) are to interact with it using only secure HTTPS connections (i.e. HTTP layered over TLS/SSL). HSTS is an IETF standards track protocol and is s,"<p>Ensure that your web server, application server, load balancer, etc. is configured to enforce Strict-Transport-Security.</p>",<p>https://cheatsheetseries.owasp.org/cheatsheets/HTTP_Strict_Transport_Security_Cheat_Sheet.html</p><p>https://owasp.org/www-community/Security_Heade
Strict-Transport-Security Header Not Set,LOW,1,High,319,15,https://localhost:8443/sitemap.xml,GET,,,<p>HTTP Strict Transport Security (HSTS) is a web security policy mechanism whereby a web server declares that complying user agents (such as a web browser) are to interact with it using only secure HTTPS connections (i.e. HTTP layered over TLS/SSL). HSTS is an IETF standards track protocol and is s,"<p>Ensure that your web server, application server, load balancer, etc. is configured to enforce Strict-Transport-Security.</p>",<p>https://cheatsheetseries.owasp.org/cheatsheets/HTTP_Strict_Transport_Security_Cheat_Sheet.html</p><p>https://owasp.org/www-community/Security_Heade
Timestamp Disclosure - Unix,LOW,1,Low,497,13,https://localhost:8443/benchmark/weakrand-00/BenchmarkTest00042,POST,,1554576003,<p>A timestamp was disclosed by the application/web server. - Unix</p>,"<p>Manually confirm that the timestamp data is not sensitive, and that the data cannot be aggregated to disclose exploitable patterns.</p>",<p>https://cwe.mitre.org/data/definitions/200.html</p>
Timestamp Disclosure - Unix,LOW,1,Low,497,13,https://localhost:8443/benchmark/weakrand-00/BenchmarkTest00042,POST,Set-Cookie,1554576003,<p>A timestamp was disclosed by the application/web server. - Unix</p>,"<p>Manually confirm that the timestamp data is not sensitive, and that the data cannot be aggregated to disclose exploitable patterns.</p>",<p>https://cwe.mitre.org/data/definitions/200.html</p>
Timestamp Disclosure - Unix,LOW,1,Low,497,13,https://localhost:8443/benchmark/weakrand-00/BenchmarkTest00164,POST,,1880765560,<p>A timestamp was disclosed by the application/web server. - Unix</p>,"<p>Manually confirm that the timestamp data is not sensitive, and that the data cannot be aggregated to disclose exploitable patterns.</p>",<p>https://cwe.mitre.org/data/definitions/200.html</p>
Timestamp Disclosure - Unix,LOW,1,Low,497,13,https://localhost:8443/benchmark/weakrand-00/BenchmarkTest00164,POST,Set-Cookie,1880765560,<p>A timestamp was disclosed by the application/web server. - Unix</p>,"<p>Manually confirm that the timestamp data is not sensitive, and that the data cannot be aggregated to disclose exploitable patterns.</p>",<p>https://cwe.mitre.org/data/definitions/200.html</p>
Timestamp Disclosure - Unix,LOW,1,Low,497,13,https://localhost:8443/benchmark/weakrand-00/BenchmarkTest00235,POST,Set-Cookie,1974211032,<p>A timestamp was disclosed by the application/web server. - Unix</p>,"<p>Manually confirm that the timestamp data is not sensitive, and that the data cannot be aggregated to disclose exploitable patterns.</p>",<p>https://cwe.mitre.org/data/definitions/200.html</p>
Authentication Request Identified,INFORMATIONAL,0,Low,-1,-1,https://localhost:8443/benchmark/hash-00/BenchmarkTest00046?BenchmarkTest00046=someSecret&password=ZAP&username=ZAP,GET,username,password,"<p>The given request has been identified as an authentication request. The 'Other Info' field contains a set of key=value lines which identify any relevant fields. If the request is in a context which has an Authentication Method set to ""Auto-Detect"" then this rule will change the authentication to ",<p>This is an informational alert rather than a vulnerability and so there is nothing to fix.</p>,<p>https://www.zaproxy.org/docs/desktop/addons/authentication-helper/auth-req-id/</p>
Authentication Request Identified,INFORMATIONAL,0,Low,-1,-1,https://localhost:8443/benchmark/ldapi-00/BenchmarkTest00021?BenchmarkTest00021=Ms+Bar&password=ZAP&username=ZAP,GET,username,password,"<p>The given request has been identified as an authentication request. The 'Other Info' field contains a set of key=value lines which identify any relevant fields. If the request is in a context which has an Authentication Method set to ""Auto-Detect"" then this rule will change the authentication to ",<p>This is an informational alert rather than a vulnerability and so there is nothing to fix.</p>,<p>https://www.zaproxy.org/docs/desktop/addons/authentication-helper/auth-req-id/</p>
Authentication Request Identified,INFORMATIONAL,0,Low,-1,-1,https://localhost:8443/benchmark/ldapi-00/BenchmarkTest00367?BenchmarkTest00367=Ms+Bar&password=ZAP&username=ZAP,GET,username,password,"<p>The given request has been identified as an authentication request. The 'Other Info' field contains a set of key=value lines which identify any relevant fields. If the request is in a context which has an Authentication Method set to ""Auto-Detect"" then this rule will change the authentication to ",<p>This is an informational alert rather than a vulnerability and so there is nothing to fix.</p>,<p>https://www.zaproxy.org/docs/desktop/addons/authentication-helper/auth-req-id/</p>
Authentication Request Identified,INFORMATIONAL,0,Low,-1,-1,https://localhost:8443/benchmark/ldapi-00/BenchmarkTest00694?BenchmarkTest00694=Ms+Bar&password=ZAP&username=ZAP,GET,username,password,"<p>The given request has been identified as an authentication request. The 'Other Info' field contains a set of key=value lines which identify any relevant fields. If the request is in a context which has an Authentication Method set to ""Auto-Detect"" then this rule will change the authentication to ",<p>This is an informational alert rather than a vulnerability and so there is nothing to fix.</p>,<p>https://www.zaproxy.org/docs/desktop/addons/authentication-helper/auth-req-id/</p>
Authentication Request Identified,INFORMATIONAL,0,Low,-1,-1,https://localhost:8443/benchmark/trustbound-00/BenchmarkTest00031?BenchmarkTest00031=my_user_id&password=ZAP&username=ZAP,GET,username,password,"<p>The given request has been identified as an authentication request. The 'Other Info' field contains a set of key=value lines which identify any relevant fields. If the request is in a context which has an Authentication Method set to ""Auto-Detect"" then this rule will change the authentication to ",<p>This is an informational alert rather than a vulnerability and so there is nothing to fix.</p>,<p>https://www.zaproxy.org/docs/desktop/addons/authentication-helper/auth-req-id/</p>
Authentication Request Identified,INFORMATIONAL,0,Low,-1,-1,https://localhost:8443/benchmark/xpathi-00/BenchmarkTest00442?BenchmarkTest00442=2222&password=ZAP&username=ZAP,GET,username,password,"<p>The given request has been identified as an authentication request. The 'Other Info' field contains a set of key=value lines which identify any relevant fields. If the request is in a context which has an Authentication Method set to ""Auto-Detect"" then this rule will change the authentication to ",<p>This is an informational alert rather than a vulnerability and so there is nothing to fix.</p>,<p>https://www.zaproxy.org/docs/desktop/addons/authentication-helper/auth-req-id/</p>
Authentication Request Identified,INFORMATIONAL,0,Low,-1,-1,https://localhost:8443/benchmark/crypto-00/BenchmarkTest00050,POST,email,password,"<p>The given request has been identified as an authentication request. The 'Other Info' field contains a set of key=value lines which identify any relevant fields. If the request is in a context which has an Authentication Method set to ""Auto-Detect"" then this rule will change the authentication to ",<p>This is an informational alert rather than a vulnerability and so there is nothing to fix.</p>,<p>https://www.zaproxy.org/docs/desktop/addons/authentication-helper/auth-req-id/</p>
Authentication Request Identified,INFORMATIONAL,0,Low,-1,-1,https://localhost:8443/benchmark/hash-00/BenchmarkTest00022,POST,email,password,"<p>The given request has been identified as an authentication request. The 'Other Info' field contains a set of key=value lines which identify any relevant fields. If the request is in a context which has an Authentication Method set to ""Auto-Detect"" then this rule will change the authentication to ",<p>This is an informational alert rather than a vulnerability and so there is nothing to fix.</p>,<p>https://www.zaproxy.org/docs/desktop/addons/authentication-helper/auth-req-id/</p>
Authentication Request Identified,INFORMATIONAL,0,Low,-1,-1,https://localhost:8443/benchmark/ldapi-00/BenchmarkTest00630,POST,email,password,"<p>The given request has been identified as an authentication request. The 'Other Info' field contains a set of key=value lines which identify any relevant fields. If the request is in a context which has an Authentication Method set to ""Auto-Detect"" then this rule will change the authentication to ",<p>This is an informational alert rather than a vulnerability and so there is nothing to fix.</p>,<p>https://www.zaproxy.org/docs/desktop/addons/authentication-helper/auth-req-id/</p>
Authentication Request Identified,INFORMATIONAL,0,Low,-1,-1,https://localhost:8443/benchmark/ldapi-00/BenchmarkTest00695,POST,email,password,"<p>The given request has been identified as an authentication request. The 'Other Info' field contains a set of key=value lines which identify any relevant fields. If the request is in a context which has an Authentication Method set to ""Auto-Detect"" then this rule will change the authentication to ",<p>This is an informational alert rather than a vulnerability and so there is nothing to fix.</p>,<p>https://www.zaproxy.org/docs/desktop/addons/authentication-helper/auth-req-id/</p>
Authentication Request Identified,INFORMATIONAL,0,Low,-1,-1,https://localhost:8443/benchmark/securecookie-00/BenchmarkTest00348,POST,email,password,"<p>The given request has been identified as an authentication request. The 'Other Info' field contains a set of key=value lines which identify any relevant fields. If the request is in a context which has an Authentication Method set to ""Auto-Detect"" then this rule will change the authentication to ",<p>This is an informational alert rather than a vulnerability and so there is nothing to fix.</p>,<p>https://www.zaproxy.org/docs/desktop/addons/authentication-helper/auth-req-id/</p>
Authentication Request Identified,INFORMATIONAL,0,Low,-1,-1,https://localhost:8443/benchmark/securecookie-00/BenchmarkTest00403,POST,email,password,"<p>The given request has been identified as an authentication request. The 'Other Info' field contains a set of key=value lines which identify any relevant fields. If the request is in a context which has an Authentication Method set to ""Auto-Detect"" then this rule will change the authentication to ",<p>This is an informational alert rather than a vulnerability and so there is nothing to fix.</p>,<p>https://www.zaproxy.org/docs/desktop/addons/authentication-helper/auth-req-id/</p>
Cookie Poisoning,INFORMATIONAL,0,Low,565,20,https://localhost:8443/benchmark/securecookie-00/BenchmarkTest00348,POST,BenchmarkTest00348,,"<p>This check looks at user-supplied input in query string parameters and POST data to identify where cookie parameters might be controlled. This is called a cookie poisoning attack, and becomes exploitable when an attacker can manipulate the cookie in various ways. In some cases this will not be ex","<p>Do not allow user input to control cookie names and values. If some query string parameters must be set in cookie values, be sure to filter out semicolon's that can serve as name/value pair delimiters.</p>",<p>https://en.wikipedia.org/wiki/HTTP_cookie</p><p>https://cwe.mitre.org/data/definitions/565.html</p>
Cookie Poisoning,INFORMATIONAL,0,Low,565,20,https://localhost:8443/benchmark/securecookie-00/BenchmarkTest00403,POST,BenchmarkTest00403,,"<p>This check looks at user-supplied input in query string parameters and POST data to identify where cookie parameters might be controlled. This is called a cookie poisoning attack, and becomes exploitable when an attacker can manipulate the cookie in various ways. In some cases this will not be ex","<p>Do not allow user input to control cookie names and values. If some query string parameters must be set in cookie values, be sure to filter out semicolon's that can serve as name/value pair delimiters.</p>",<p>https://en.wikipedia.org/wiki/HTTP_cookie</p><p>https://cwe.mitre.org/data/definitions/565.html</p>
Cookie Poisoning,INFORMATIONAL,0,Low,565,20,https://localhost:8443/benchmark/securecookie-00/BenchmarkTest00404,POST,BenchmarkTest00404,,"<p>This check looks at user-supplied input in query string parameters and POST data to identify where cookie parameters might be controlled. This is called a cookie poisoning attack, and becomes exploitable when an attacker can manipulate the cookie in various ways. In some cases this will not be ex","<p>Do not allow user input to control cookie names and values. If some query string parameters must be set in cookie values, be sure to filter out semicolon's that can serve as name/value pair delimiters.</p>",<p>https://en.wikipedia.org/wiki/HTTP_cookie</p><p>https://cwe.mitre.org/data/definitions/565.html</p>
Cookie Poisoning,INFORMATIONAL,0,Low,565,20,https://localhost:8443/benchmark/securecookie-00/BenchmarkTest00405,POST,BenchmarkTest00405,,"<p>This check looks at user-supplied input in query string parameters and POST data to identify where cookie parameters might be controlled. This is called a cookie poisoning attack, and becomes exploitable when an attacker can manipulate the cookie in various ways. In some cases this will not be ex","<p>Do not allow user input to control cookie names and values. If some query string parameters must be set in cookie values, be sure to filter out semicolon's that can serve as name/value pair delimiters.</p>",<p>https://en.wikipedia.org/wiki/HTTP_cookie</p><p>https://cwe.mitre.org/data/definitions/565.html</p>
Cookie Poisoning,INFORMATIONAL,0,Low,565,20,https://localhost:8443/benchmark/securecookie-00/BenchmarkTest00655,POST,BenchmarkTest00655,,"<p>This check looks at user-supplied input in query string parameters and POST data to identify where cookie parameters might be controlled. This is called a cookie poisoning attack, and becomes exploitable when an attacker can manipulate the cookie in various ways. In some cases this will not be ex","<p>Do not allow user input to control cookie names and values. If some query string parameters must be set in cookie values, be sure to filter out semicolon's that can serve as name/value pair delimiters.</p>",<p>https://en.wikipedia.org/wiki/HTTP_cookie</p><p>https://cwe.mitre.org/data/definitions/565.html</p>
Information Disclosure - Sensitive Information in URL,INFORMATIONAL,0,Medium,598,13,https://localhost:8443/benchmark/ldapi-00/BenchmarkTest00021?BenchmarkTest00021=Ms+Bar&password=ZAP&username=ZAP,GET,password,password,<p>The request appeared to contain sensitive information leaked in the URL. This can violate PCI and most organizational compliance policies. You can configure the list of strings for this check to add or remove values specific to your environment.</p>,<p>Do not pass sensitive information in URIs.</p>,
Information Disclosure - Sensitive Information in URL,INFORMATIONAL,0,Medium,598,13,https://localhost:8443/benchmark/ldapi-00/BenchmarkTest00021?BenchmarkTest00021=Ms+Bar&password=ZAP&username=ZAP,GET,username,username,<p>The request appeared to contain sensitive information leaked in the URL. This can violate PCI and most organizational compliance policies. You can configure the list of strings for this check to add or remove values specific to your environment.</p>,<p>Do not pass sensitive information in URIs.</p>,
Information Disclosure - Sensitive Information in URL,INFORMATIONAL,0,Medium,598,13,https://localhost:8443/benchmark/trustbound-00/BenchmarkTest00031?BenchmarkTest00031=my_user_id&password=ZAP&username=ZAP,GET,password,password,<p>The request appeared to contain sensitive information leaked in the URL. This can violate PCI and most organizational compliance policies. You can configure the list of strings for this check to add or remove values specific to your environment.</p>,<p>Do not pass sensitive information in URIs.</p>,
Information Disclosure - Sensitive Information in URL,INFORMATIONAL,0,Medium,598,13,https://localhost:8443/benchmark/trustbound-00/BenchmarkTest00031?BenchmarkTest00031=my_user_id&password=ZAP&username=ZAP,GET,username,username,<p>The request appeared to contain sensitive information leaked in the URL. This can violate PCI and most organizational compliance policies. You can configure the list of strings for this check to add or remove values specific to your environment.</p>,<p>Do not pass sensitive information in URIs.</p>,
Information Disclosure - Sensitive Information in URL,INFORMATIONAL,0,Medium,598,13,https://localhost:8443/benchmark/xpathi-00/BenchmarkTest00442?BenchmarkTest00442=2222&password=ZAP&username=ZAP,GET,password,password,<p>The request appeared to contain sensitive information leaked in the URL. This can violate PCI and most organizational compliance policies. You can configure the list of strings for this check to add or remove values specific to your environment.</p>,<p>Do not pass sensitive information in URIs.</p>,
Information Disclosure - Suspicious Comments,INFORMATIONAL,0,Medium,615,13,https://localhost:8443/benchmark/js/testsuiteutils.js,GET,,// FIXME: This is a hack. Th,<p>The response appears to contain suspicious comments which may help an attacker.</p>,<p>Remove all comments that return information that may help an attacker and fix any underlying problems they refer to.</p>,
Modern Web Application,INFORMATIONAL,0,Medium,-1,-1,https://localhost:8443/benchmark/cmdi-00/BenchmarkTest00015.html?BenchmarkTest00015=SafeText,GET,,"<script src=""/benchmark/js/jquery.min.js"" type=""text/javascript""></script>",<p>The application appears to be a modern web application. If you need to explore it automatically then the Ajax Spider may well be more effective than the standard one.</p>,<p>This is an informational alert and so no changes are required.</p>,
Modern Web Application,INFORMATIONAL,0,Medium,-1,-1,https://localhost:8443/benchmark/ldapi-00/BenchmarkTest00012.html?BenchmarkTest00012=SafeText,GET,,"<script src=""/benchmark/js/jquery.min.js"" type=""text/javascript""></script>",<p>The application appears to be a modern web application. If you need to explore it automatically then the Ajax Spider may well be more effective than the standard one.</p>,<p>This is an informational alert and so no changes are required.</p>,
Modern Web Application,INFORMATIONAL,0,Medium,-1,-1,https://localhost:8443/benchmark/ldapi-00/BenchmarkTest00044.html?BenchmarkTest00044=SafeText,GET,,"<script src=""/benchmark/js/jquery.min.js"" type=""text/javascript""></script>",<p>The application appears to be a modern web application. If you need to explore it automatically then the Ajax Spider may well be more effective than the standard one.</p>,<p>This is an informational alert and so no changes are required.</p>,
Modern Web Application,INFORMATIONAL,0,Medium,-1,-1,https://localhost:8443/benchmark/securecookie-00/BenchmarkTest00016.html?BenchmarkTest00016=SafeText,GET,,"<script src=""/benchmark/js/jquery.min.js"" type=""text/javascript""></script>",<p>The application appears to be a modern web application. If you need to explore it automatically then the Ajax Spider may well be more effective than the standard one.</p>,<p>This is an informational alert and so no changes are required.</p>,
Modern Web Application,INFORMATIONAL,0,Medium,-1,-1,https://localhost:8443/benchmark/securecookie-00/BenchmarkTest00170.html?BenchmarkTest00170=SafeText,GET,,"<script src=""/benchmark/js/jquery.min.js"" type=""text/javascript""></script>",<p>The application appears to be a modern web application. If you need to explore it automatically then the Ajax Spider may well be more effective than the standard one.</p>,<p>This is an informational alert and so no changes are required.</p>,
Non-Storable Content,INFORMATIONAL,0,Medium,524,13,https://localhost:8443/benchmark/cmdi-Index.html,GET,,no-store,"<p>The response contents are not storable by caching components such as proxy servers. If the response does not contain sensitive, personal or user-specific information, it may benefit from being stored and cached, to improve performance.</p>","<p>The content may be marked as storable by ensuring that the following conditions are satisfied:</p><p>The request method must be understood by the cache and defined as being cacheable (""GET"", ""HEAD"", and ""POST"" are currently defined as cacheable)</p><p>The response status code must be understood b",<p>https://datatracker.ietf.org/doc/html/rfc7234</p><p>https://datatracker.ietf.org/doc/html/rfc7231</p><p>https://www.w3.org/Protocols/rfc2616/rfc261
Non-Storable Content,INFORMATIONAL,0,Medium,524,13,https://localhost:8443/benchmark/crypto-Index.html,GET,,no-store,"<p>The response contents are not storable by caching components such as proxy servers. If the response does not contain sensitive, personal or user-specific information, it may benefit from being stored and cached, to improve performance.</p>","<p>The content may be marked as storable by ensuring that the following conditions are satisfied:</p><p>The request method must be understood by the cache and defined as being cacheable (""GET"", ""HEAD"", and ""POST"" are currently defined as cacheable)</p><p>The response status code must be understood b",<p>https://datatracker.ietf.org/doc/html/rfc7234</p><p>https://datatracker.ietf.org/doc/html/rfc7231</p><p>https://www.w3.org/Protocols/rfc2616/rfc261
Non-Storable Content,INFORMATIONAL,0,Medium,524,13,https://localhost:8443/benchmark/css/normalize.css,GET,,no-store,"<p>The response contents are not storable by caching components such as proxy servers. If the response does not contain sensitive, personal or user-specific information, it may benefit from being stored and cached, to improve performance.</p>","<p>The content may be marked as storable by ensuring that the following conditions are satisfied:</p><p>The request method must be understood by the cache and defined as being cacheable (""GET"", ""HEAD"", and ""POST"" are currently defined as cacheable)</p><p>The response status code must be understood b",<p>https://datatracker.ietf.org/doc/html/rfc7234</p><p>https://datatracker.ietf.org/doc/html/rfc7231</p><p>https://www.w3.org/Protocols/rfc2616/rfc261
Non-Storable Content,INFORMATIONAL,0,Medium,524,13,https://localhost:8443/benchmark/ldapi-00/BenchmarkTest00044.html?BenchmarkTest00044=SafeText,GET,,no-store,"<p>The response contents are not storable by caching components such as proxy servers. If the response does not contain sensitive, personal or user-specific information, it may benefit from being stored and cached, to improve performance.</p>","<p>The content may be marked as storable by ensuring that the following conditions are satisfied:</p><p>The request method must be understood by the cache and defined as being cacheable (""GET"", ""HEAD"", and ""POST"" are currently defined as cacheable)</p><p>The response status code must be understood b",<p>https://datatracker.ietf.org/doc/html/rfc7234</p><p>https://datatracker.ietf.org/doc/html/rfc7231</p><p>https://www.w3.org/Protocols/rfc2616/rfc261
Non-Storable Content,INFORMATIONAL,0,Medium,524,13,https://localhost:8443/benchmark/trustbound-Index.html,GET,,no-store,"<p>The response contents are not storable by caching components such as proxy servers. If the response does not contain sensitive, personal or user-specific information, it may benefit from being stored and cached, to improve performance.</p>","<p>The content may be marked as storable by ensuring that the following conditions are satisfied:</p><p>The request method must be understood by the cache and defined as being cacheable (""GET"", ""HEAD"", and ""POST"" are currently defined as cacheable)</p><p>The response status code must be understood b",<p>https://datatracker.ietf.org/doc/html/rfc7234</p><p>https://datatracker.ietf.org/doc/html/rfc7231</p><p>https://www.w3.org/Protocols/rfc2616/rfc261
Session Management Response Identified,INFORMATIONAL,0,Medium,-1,-1,https://localhost:8443/benchmark/cmdi-00/BenchmarkTest00091,GET,BenchmarkTest00091,BenchmarkTest00091,"<p>The given response has been identified as containing a session management token. The 'Other Info' field contains a set of header tokens that can be used in the Header Based Session Management Method. If the request is in a context which has a Session Management Method set to ""Auto-Detect"" then th",<p>This is an informational alert rather than a vulnerability and so there is nothing to fix.</p>,<p>https://www.zaproxy.org/docs/desktop/addons/authentication-helper/session-mgmt-id/</p>
Session Management Response Identified,INFORMATIONAL,0,Medium,-1,-1,https://localhost:8443/benchmark/cmdi-00/BenchmarkTest00092,GET,BenchmarkTest00092,BenchmarkTest00092,"<p>The given response has been identified as containing a session management token. The 'Other Info' field contains a set of header tokens that can be used in the Header Based Session Management Method. If the request is in a context which has a Session Management Method set to ""Auto-Detect"" then th",<p>This is an informational alert rather than a vulnerability and so there is nothing to fix.</p>,<p>https://www.zaproxy.org/docs/desktop/addons/authentication-helper/session-mgmt-id/</p>
Session Management Response Identified,INFORMATIONAL,0,Medium,-1,-1,https://localhost:8443/benchmark/crypto-00/BenchmarkTest00053,GET,BenchmarkTest00053,BenchmarkTest00053,"<p>The given response has been identified as containing a session management token. The 'Other Info' field contains a set of header tokens that can be used in the Header Based Session Management Method. If the request is in a context which has a Session Management Method set to ""Auto-Detect"" then th",<p>This is an informational alert rather than a vulnerability and so there is nothing to fix.</p>,<p>https://www.zaproxy.org/docs/desktop/addons/authentication-helper/session-mgmt-id/</p>
Session Management Response Identified,INFORMATIONAL,0,Medium,-1,-1,https://localhost:8443/benchmark/crypto-00/BenchmarkTest00054,GET,BenchmarkTest00054,BenchmarkTest00054,"<p>The given response has been identified as containing a session management token. The 'Other Info' field contains a set of header tokens that can be used in the Header Based Session Management Method. If the request is in a context which has a Session Management Method set to ""Auto-Detect"" then th",<p>This is an informational alert rather than a vulnerability and so there is nothing to fix.</p>,<p>https://www.zaproxy.org/docs/desktop/addons/authentication-helper/session-mgmt-id/</p>
Session Management Response Identified,INFORMATIONAL,0,Medium,-1,-1,https://localhost:8443/benchmark/crypto-00/BenchmarkTest00055,GET,BenchmarkTest00055,BenchmarkTest00055,"<p>The given response has been identified as containing a session management token. The 'Other Info' field contains a set of header tokens that can be used in the Header Based Session Management Method. If the request is in a context which has a Session Management Method set to ""Auto-Detect"" then th",<p>This is an informational alert rather than a vulnerability and so there is nothing to fix.</p>,<p>https://www.zaproxy.org/docs/desktop/addons/authentication-helper/session-mgmt-id/</p>
Session Management Response Identified,INFORMATIONAL,0,Medium,-1,-1,https://localhost:8443/benchmark/crypto-00/BenchmarkTest00056,GET,BenchmarkTest00056,BenchmarkTest00056,"<p>The given response has been identified as containing a session management token. The 'Other Info' field contains a set of header tokens that can be used in the Header Based Session Management Method. If the request is in a context which has a Session Management Method set to ""Auto-Detect"" then th",<p>This is an informational alert rather than a vulnerability and so there is nothing to fix.</p>,<p>https://www.zaproxy.org/docs/desktop/addons/authentication-helper/session-mgmt-id/</p>
Session Management Response Identified,INFORMATIONAL,0,Medium,-1,-1,https://localhost:8443/benchmark/hash-00/BenchmarkTest00003,GET,BenchmarkTest00003,BenchmarkTest00003,"<p>The given response has been identified as containing a session management token. The 'Other Info' field contains a set of header tokens that can be used in the Header Based Session Management Method. If the request is in a context which has a Session Management Method set to ""Auto-Detect"" then th",<p>This is an informational alert rather than a vulnerability and so there is nothing to fix.</p>,<p>https://www.zaproxy.org/docs/desktop/addons/authentication-helper/session-mgmt-id/</p>
Session Management Response Identified,INFORMATIONAL,0,Medium,-1,-1,https://localhost:8443/benchmark/hash-00/BenchmarkTest00069,GET,BenchmarkTest00069,BenchmarkTest00069,"<p>The given response has been identified as containing a session management token. The 'Other Info' field contains a set of header tokens that can be used in the Header Based Session Management Method. If the request is in a context which has a Session Management Method set to ""Auto-Detect"" then th",<p>This is an informational alert rather than a vulnerability and so there is nothing to fix.</p>,<p>https://www.zaproxy.org/docs/desktop/addons/authentication-helper/session-mgmt-id/</p>
Session Management Response Identified,INFORMATIONAL,0,Medium,-1,-1,https://localhost:8443/benchmark/hash-00/BenchmarkTest00070,GET,BenchmarkTest00070,BenchmarkTest00070,"<p>The given response has been identified as containing a session management token. The 'Other Info' field contains a set of header tokens that can be used in the Header Based Session Management Method. If the request is in a context which has a Session Management Method set to ""Auto-Detect"" then th",<p>This is an informational alert rather than a vulnerability and so there is nothing to fix.</p>,<p>https://www.zaproxy.org/docs/desktop/addons/authentication-helper/session-mgmt-id/</p>
Session Management Response Identified,INFORMATIONAL,0,Medium,-1,-1,https://localhost:8443/benchmark/hash-00/BenchmarkTest00071,GET,BenchmarkTest00071,BenchmarkTest00071,"<p>The given response has been identified as containing a session management token. The 'Other Info' field contains a set of header tokens that can be used in the Header Based Session Management Method. If the request is in a context which has a Session Management Method set to ""Auto-Detect"" then th",<p>This is an informational alert rather than a vulnerability and so there is nothing to fix.</p>,<p>https://www.zaproxy.org/docs/desktop/addons/authentication-helper/session-mgmt-id/</p>
Session Management Response Identified,INFORMATIONAL,0,Medium,-1,-1,https://localhost:8443/benchmark/trustbound-00/BenchmarkTest00098,GET,BenchmarkTest00098,BenchmarkTest00098,"<p>The given response has been identified as containing a session management token. The 'Other Info' field contains a set of header tokens that can be used in the Header Based Session Management Method. If the request is in a context which has a Session Management Method set to ""Auto-Detect"" then th",<p>This is an informational alert rather than a vulnerability and so there is nothing to fix.</p>,<p>https://www.zaproxy.org/docs/desktop/addons/authentication-helper/session-mgmt-id/</p>
Session Management Response Identified,INFORMATIONAL,0,Medium,-1,-1,https://localhost:8443/benchmark/trustbound-00/BenchmarkTest00004,POST,JSESSIONID,JSESSIONID,"<p>The given response has been identified as containing a session management token. The 'Other Info' field contains a set of header tokens that can be used in the Header Based Session Management Method. If the request is in a context which has a Session Management Method set to ""Auto-Detect"" then th",<p>This is an informational alert rather than a vulnerability and so there is nothing to fix.</p>,<p>https://www.zaproxy.org/docs/desktop/addons/authentication-helper/session-mgmt-id/</p>
